Timestamp,playstation5,เครื่องทำขนมปัง,Ergonomic Wrist Rest,เครื่องอบผ้า,เครื่องชงกาแฟแคปซูล,เก้าอี้ LA-Z-Boy,เครื่องให้อาหารสัตว์อัตโนมัติ,บัตตาเลี่ยน,แก้วเก็บความเย็น,ลู่วิ่งออกกำลังกาย,Kindle,เครื่องซักผ้า,Bluetooth Speaker,ห้องน้ำแมวอัตโนมัติ,PS5,ทรายแมว,ลำโพง pixel,Logitech Mx Master 3 Mouse,ตุ๊กตา ty,น้ำพุแมว,Robot ดูดฝุ่น,Mechanical keyboard,Nintendo switch,หนังสือ python,gaming chair,Deskmat,Dew - ไฟโรเซ่,เทียนหอม jo malone,กระติกน้ำ 2 ลิตร,ที่นอน memory form,พลาสเตอร์บรรเทาปวด ตราเสือ,การ์ดจอ RTX 3080,ขนมจีนน้ำยาปู,Salmon Sashimi,จักรยานเสือหมอบ,ไฟแต่งห้องมินิมอล,External Harddisk,หม้อทอดไร้น้ํามัน,airpods ,ยาดม,ไฟส่องหน้าไลฟ์สด
10/17/2021 17:43:38,ไม่เคยซื้อ,ไม่เคยซื้อ,ไม่เคยซื้อ,ไม่เคยซื้อ,ไม่เคยซื้อ,ไม่เคยซื้อ,ไม่เคย,เคยซื้อ,เคยซื้อ,ไม่เคย,ไม่เคย,ไม่เคย,ไม่เคยซื้อ,ไม่,ไม่เคยซื้อ,ไม่เคย,ไม่เคย,ไม่เคยซือ,ไม่เคยซื้อ,ไม่เคย,เคยซื้อ,เคยซื้อ,ไม่เคยซื้อ,ไม่เคยซื้อ,ไม่เคยซื้อ,เคยซื้อ,ไม่เคยซื้อ,ไม่เคยซื้อ,ไม่เคยซื้อ,ไม่เคยซื้อ,ไม่เคยซื้อ,เคยซื้อ,ไม่เคยซื้อ,ไม่เคยซื้อ,ไม่เคยซื้อ,ไม่เคยซื้อ,เคยซื้อ,เคยซื้อ,ไม่เคยซื้อ,ไม่เคยซื้อ,ไม่เคยซื้อ
10/17/2021 17:43:41,ไม่เคยซื้อ,ไม่เคยซื้อ,ไม่เคยซื้อ,ไม่เคยซื้อ,ไม่เคยซื้อ,ไม่เคยซื้อ,ไม่เคย,ไม่เคยซื้อ,เคยซื้อ,ไม่เคย,ไม่เคย,เคย,ไม่เคยซื้อ,ไม่,ไม่เคยซื้อ,ไม่เคย,ไม่เคย,ไม่เคยซือ,ไม่เคยซื้อ,ไม่เคย,ไม่เคยซื้อ,ไม่เคยซื้อ,ไม่เคยซื้อ,ไม่เคยซื้อ,ไม่เคยซื้อ,ไม่เคยซื้อ,ไม่เคยซื้อ,ไม่เคยซื้อ,เคยซื้อ,ไม่เคยซื้อ,ไม่เคยซื้อ,ไม่เคยซื้อ,ไม่เคยซื้อ,เคยซื้อ,ไม่เคยซื้อ,ไม่เคยซื้อ,เคยซื้อ,เคยซื้อ,ไม่เคยซื้อ,ไม่เคยซื้อ,ไม่เคยซื้อ
10/17/2021 17:43:46,ไม่เคยซื้อ,ไม่เคยซื้อ,ไม่เคยซื้อ,เคยซื้อ,เคยซื้อ,ไม่เคยซื้อ,ไม่เคย,เคยซื้อ,เคยซื้อ,เคย,ไม่เคย,เคย,เคยซื้อ,ไม่,ไม่เคยซื้อ,ไม่เคย,ไม่เคย,ไม่เคยซือ,ไม่เคยซื้อ,ไม่เคย,เคยซื้อ,เคยซื้อ,ไม่เคยซื้อ,เคยซื้อ,ไม่เคยซื้อ,ไม่เคยซื้อ,ไม่เคยซื้อ,เคยซื้อ,เคยซื้อ,เคยซื้อ,เคยซื้อ,ไม่เคยซื้อ,เคยซื้อ,เคยซื้อ,ไม่เคยซื้อ,เคยซื้อ,เคยซื้อ,เคยซื้อ,เคยซื้อ,เคยซื้อ,เคยซื้อ
10/17/2021 17:43:49,ไม่เคยซื้อ,ไม่เคยซื้อ,ไม่เคยซื้อ,ไม่เคยซื้อ,ไม่เคยซื้อ,ไม่เคยซื้อ,ไม่เคย,ไม่เคยซื้อ,เคยซื้อ,ไม่เคย,ไม่เคย,ไม่เคย,เคยซื้อ,ไม่,ไม่เคยซื้อ,ไม่เคย,ไม่เคย,ไม่เคยซือ,ไม่เคยซื้อ,ไม่เคย,ไม่เคยซื้อ,เคยซื้อ,ไม่เคยซื้อ,ไม่เคยซื้อ,ไม่เคยซื้อ,ไม่เคยซื้อ,ไม่เคยซื้อ,ไม่เคยซื้อ,ไม่เคยซื้อ,ไม่เคยซื้อ,ไม่เคยซื้อ,ไม่เคยซื้อ,ไม่เคยซื้อ,เคยซื้อ,ไม่เคยซื้อ,ไม่เคยซื้อ,เคยซื้อ,เคยซื้อ,ไม่เคยซื้อ,ไม่เคยซื้อ,ไม่เคยซื้อ
10/17/2021 17:43:55,ไม่เคยซื้อ,ไม่เคยซื้อ,ไม่เคยซื้อ,เคยซื้อ,ไม่เคยซื้อ,เคยซื้อ,ไม่เคย,เคยซื้อ,เคยซื้อ,ไม่เคย,ไม่เคย,เคย,เคยซื้อ,ไม่,ไม่เคยซื้อ,เคย,ไม่เคย,ไม่เคยซือ,ไม่เคยซื้อ,ไม่เคย,ไม่เคยซื้อ,ไม่เคยซื้อ,ไม่เคยซื้อ,เคยซื้อ,ไม่เคยซื้อ,ไม่เคยซื้อ,ไม่เคยซื้อ,เคยซื้อ,เคยซื้อ,เคยซื้อ,เคยซื้อ,ไม่เคยซื้อ,ไม่เคยซื้อ,เคยซื้อ,เคยซื้อ,ไม่เคยซื้อ,เคยซื้อ,เคยซื้อ,ไม่เคยซื้อ,เคยซื้อ,ไม่เคยซื้อ
10/17/2021 17:43:56,ไม่เคยซื้อ,ไม่เคยซื้อ,ไม่เคยซื้อ,ไม่เคยซื้อ,ไม่เคยซื้อ,ไม่เคยซื้อ,ไม่เคย,ไม่เคยซื้อ,ไม่เคยซื้อ,ไม่เคย,ไม่เคย,ไม่เคย,เคยซื้อ,ไม่,ไม่เคยซื้อ,ไม่เคย,ไม่เคย,ไม่เคยซือ,ไม่เคยซื้อ,ไม่เคย,ไม่เคยซื้อ,ไม่เคยซื้อ,ไม่เคยซื้อ,เคยซื้อ,ไม่เคยซื้อ,ไม่เคยซื้อ,ไม่เคยซื้อ,ไม่เคยซื้อ,ไม่เคยซื้อ,ไม่เคยซื้อ,ไม่เคยซื้อ,ไม่เคยซื้อ,ไม่เคยซื้อ,เคยซื้อ,ไม่เคยซื้อ,ไม่เคยซื้อ,เคยซื้อ,ไม่เคยซื้อ,ไม่เคยซื้อ,เคยซื้อ,ไม่เคยซื้อ
10/17/2021 17:43:57,ไม่เคยซื้อ,ไม่เคยซื้อ,ไม่เคยซื้อ,ไม่เคยซื้อ,ไม่เคยซื้อ,ไม่เคยซื้อ,ไม่เคย,ไม่เคยซื้อ,เคยซื้อ,ไม่เคย,ไม่เคย,เคย,เคยซื้อ,ไม่,ไม่เคยซื้อ,เคย,ไม่เคย,ไม่เคยซือ,ไม่เคยซื้อ,เคย,ไม่เคยซื้อ,ไม่เคยซื้อ,,ไม่เคยซื้อ,ไม่เคยซื้อ,ไม่เคยซื้อ,ไม่เคยซื้อ,ไม่เคยซื้อ,ไม่เคยซื้อ,ไม่เคยซื้อ,เคยซื้อ,ไม่เคยซื้อ,เคยซื้อ,เคยซื้อ,ไม่เคยซื้อ,ไม่เคยซื้อ,เคยซื้อ,ไม่เคยซื้อ,ไม่เคยซื้อ,เคยซื้อ,ไม่เคยซื้อ
10/17/2021 17:44:06,ไม่เคยซื้อ,ไม่เคยซื้อ,ไม่เคยซื้อ,เคยซื้อ,เคยซื้อ,ไม่เคยซื้อ,ไม่เคย,ไม่เคยซื้อ,เคยซื้อ,ไม่เคย,ไม่เคย,เคย,เคยซื้อ,ไม่,ไม่เคยซื้อ,ไม่เคย,ไม่เคย,เคยซื้อ,ไม่เคยซื้อ,ไม่เคย,เคยซื้อ,เคยซื้อ,ไม่เคยซื้อ,ไม่เคยซื้อ,ไม่เคยซื้อ,เคยซื้อ,ไม่เคยซื้อ,ไม่เคยซื้อ,เคยซื้อ,ไม่เคยซื้อ,เคยซื้อ,ไม่เคยซื้อ,เคยซื้อ,เคยซื้อ,ไม่เคยซื้อ,ไม่เคยซื้อ,เคยซื้อ,,เคยซื้อ,เคยซื้อ,เคยซื้อ
10/17/2021 17:44:07,ไม่เคยซื้อ,ไม่เคยซื้อ,ไม่เคยซื้อ,ไม่เคยซื้อ,ไม่เคยซื้อ,ไม่เคยซื้อ,ไม่เคย,ไม่เคยซื้อ,ไม่เคยซื้อ,เคย,เคย,ไม่เคย,ไม่เคยซื้อ,ไม่,ไม่เคยซื้อ,ไม่เคย,ไม่เคย,ไม่เคยซือ,ไม่เคยซื้อ,ไม่เคย,ไม่เคยซื้อ,ไม่เคยซื้อ,ไม่เคยซื้อ,เคยซื้อ,ไม่เคยซื้อ,เคยซื้อ,ไม่เคยซื้อ,ไม่เคยซื้อ,ไม่เคยซื้อ,ไม่เคยซื้อ,ไม่เคยซื้อ,ไม่เคยซื้อ,ไม่เคยซื้อ,เคยซื้อ,ไม่เคยซื้อ,ไม่เคยซื้อ,ไม่เคยซื้อ,ไม่เคยซื้อ,เคยซื้อ,เคยซื้อ,ไม่เคยซื้อ
10/17/2021 17:44:07,ไม่เคยซื้อ,ไม่เคยซื้อ,ไม่เคยซื้อ,ไม่เคยซื้อ,ไม่เคยซื้อ,ไม่เคยซื้อ,ไม่เคย,ไม่เคยซื้อ,ไม่เคยซื้อ,ไม่เคย,ไม่เคย,ไม่เคย,ไม่เคยซื้อ,ไม่,ไม่เคยซื้อ,ไม่เคย,ไม่เคย,ไม่เคยซือ,เคยซื้อ,ไม่เคย,ไม่เคยซื้อ,ไม่เคยซื้อ,ไม่เคยซื้อ,เคยซื้อ,ไม่เคยซื้อ,ไม่เคยซื้อ,ไม่เคยซื้อ,ไม่เคยซื้อ,ไม่เคยซื้อ,ไม่เคยซื้อ,ไม่เคยซื้อ,ไม่เคยซื้อ,เคยซื้อ,เคยซื้อ,ไม่เคยซื้อ,ไม่เคยซื้อ,เคยซื้อ,ไม่เคยซื้อ,เคยซื้อ,ไม่เคยซื้อ,ไม่เคยซื้อ
10/17/2021 17:44:07,ไม่เคยซื้อ,ไม่เคยซื้อ,ไม่เคยซื้อ,ไม่เคยซื้อ,เคยซื้อ,ไม่เคยซื้อ,ไม่เคย,ไม่เคยซื้อ,เคยซื้อ,ไม่เคย,ไม่เคย,ไม่เคย,เคยซื้อ,ไม่,ไม่เคยซื้อ,ไม่เคย,ไม่เคย,ไม่เคยซือ,ไม่เคยซื้อ,ไม่เคย,ไม่เคยซื้อ,ไม่เคยซื้อ,ไม่เคยซื้อ,ไม่เคยซื้อ,,ไม่เคยซื้อ,ไม่เคยซื้อ,ไม่เคยซื้อ,ไม่เคยซื้อ,เคยซื้อ,เคยซื้อ,ไม่เคยซื้อ,เคยซื้อ,เคยซื้อ,ไม่เคยซื้อ,ไม่เคยซื้อ,เคยซื้อ,ไม่เคยซื้อ,เคยซื้อ,เคยซื้อ,ไม่เคยซื้อ
10/17/2021 17:44:08,ไม่เคยซื้อ,ไม่เคยซื้อ,ไม่เคยซื้อ,ไม่เคยซื้อ,ไม่เคยซื้อ,ไม่เคยซื้อ,ไม่เคย,ไม่เคยซื้อ,ไม่เคยซื้อ,ไม่เคย,ไม่เคย,ไม่เคย,เคยซื้อ,ไม่,ไม่เคยซื้อ,ไม่เคย,ไม่เคย,ไม่เคยซือ,ไม่เคยซื้อ,ไม่เคย,เคยซื้อ,เคยซื้อ,ไม่เคยซื้อ,ไม่เคยซื้อ,เคยซื้อ,ไม่เคยซื้อ,เคยซื้อ,ไม่เคยซื้อ,,ไม่เคยซื้อ,ไม่เคยซื้อ,ไม่เคยซื้อ,เคยซื้อ,เคยซื้อ,ไม่เคยซื้อ,,ไม่เคยซื้อ,ไม่เคยซื้อ,ไม่เคยซื้อ,ไม่เคยซื้อ,เคยซื้อ
10/17/2021 17:44:12,ไม่เคยซื้อ,ไม่เคยซื้อ,ไม่เคยซื้อ,ไม่เคยซื้อ,ไม่เคยซื้อ,ไม่เคยซื้อ,ไม่เคย,ไม่เคยซื้อ,เคยซื้อ,ไม่เคย,เคย,เคย,เคยซื้อ,ไม่,ไม่เคยซื้อ,ไม่เคย,ไม่เคย,ไม่เคยซือ,ไม่เคยซื้อ,ไม่เคย,เคยซื้อ,เคยซื้อ,ไม่เคยซื้อ,ไม่เคยซื้อ,ไม่เคยซื้อ,เคยซื้อ,ไม่เคยซื้อ,ไม่เคยซื้อ,ไม่เคยซื้อ,ไม่เคยซื้อ,ไม่เคยซื้อ,ไม่เคยซื้อ,เคยซื้อ,เคยซื้อ,ไม่เคยซื้อ,เคยซื้อ,เคยซื้อ,เคยซื้อ,เคยซื้อ,เคยซื้อ,ไม่เคยซื้อ
10/17/2021 17:44:15,ไม่เคยซื้อ,ไม่เคยซื้อ,ไม่เคยซื้อ,เคยซื้อ,เคยซื้อ,ไม่เคยซื้อ,ไม่เคย,ไม่เคยซื้อ,เคยซื้อ,ไม่เคย,ไม่เคย,เคย,เคยซื้อ,ไม่,ไม่เคยซื้อ,ไม่เคย,ไม่เคย,ไม่เคยซือ,ไม่เคยซื้อ,ไม่เคย,ไม่เคยซื้อ,เคยซื้อ,ไม่เคยซื้อ,ไม่เคยซื้อ,ไม่เคยซื้อ,ไม่เคยซื้อ,ไม่เคยซื้อ,ไม่เคยซื้อ,ไม่เคยซื้อ,ไม่เคยซื้อ,ไม่เคยซื้อ,ไม่เคยซื้อ,ไม่เคยซื้อ,ไม่เคยซื้อ,ไม่เคยซื้อ,ไม่เคยซื้อ,ไม่เคยซื้อ,เคยซื้อ,ไม่เคยซื้อ,เคยซื้อ,ไม่เคยซื้อ
10/17/2021 17:44:18,ไม่เคยซื้อ,ไม่เคยซื้อ,ไม่เคยซื้อ,เคยซื้อ,ไม่เคยซื้อ,ไม่เคยซื้อ,ไม่เคย,ไม่เคยซื้อ,เคยซื้อ,ไม่เคย,ไม่เคย,เคย,ไม่เคยซื้อ,ไม่,ไม่เคยซื้อ,ไม่เคย,ไม่เคย,ไม่เคยซือ,ไม่เคยซื้อ,ไม่เคย,เคยซื้อ,ไม่เคยซื้อ,เคยซื้อ,เคยซื้อ,ไม่เคยซื้อ,เคยซื้อ,ไม่เคยซื้อ,ไม่เคยซื้อ,เคยซื้อ,ไม่เคยซื้อ,เคยซื้อ,ไม่เคยซื้อ,เคยซื้อ,เคยซื้อ,ไม่เคยซื้อ,ไม่เคยซื้อ,ไม่เคยซื้อ,ไม่เคยซื้อ,ไม่เคยซื้อ,เคยซื้อ,ไม่เคยซื้อ
10/17/2021 17:44:18,ไม่เคยซื้อ,ไม่เคยซื้อ,เคยซื้อ,ไม่เคยซื้อ,ไม่เคยซื้อ,ไม่เคยซื้อ,ไม่เคย,เคยซื้อ,ไม่เคยซื้อ,ไม่เคย,ไม่เคย,เคย,เคยซื้อ,ไม่,ไม่เคยซื้อ,ไม่เคย,ไม่เคย,ไม่เคยซือ,ไม่เคยซื้อ,ไม่เคย,ไม่เคยซื้อ,,เคยซื้อ,เคยซื้อ,ไม่เคยซื้อ,เคยซื้อ,ไม่เคยซื้อ,ไม่เคยซื้อ,ไม่เคยซื้อ,ไม่เคยซื้อ,เคยซื้อ,ไม่เคยซื้อ,ไม่เคยซื้อ,เคยซื้อ,ไม่เคยซื้อ,ไม่เคยซื้อ,เคยซื้อ,ไม่เคยซื้อ,ไม่เคยซื้อ,เคยซื้อ,ไม่เคยซื้อ
10/17/2021 17:44:20,ไม่เคยซื้อ,ไม่เคยซื้อ,ไม่เคยซื้อ,ไม่เคยซื้อ,ไม่เคยซื้อ,ไม่เคยซื้อ,ไม่เคย,เคยซื้อ,เคยซื้อ,เคย,ไม่เคย,ไม่เคย,เคยซื้อ,ไม่,ไม่เคยซื้อ,ไม่เคย,ไม่เคย,ไม่เคยซือ,ไม่เคยซื้อ,ไม่เคย,ไม่เคยซื้อ,เคยซื้อ,ไม่เคยซื้อ,เคยซื้อ,ไม่เคยซื้อ,เคยซื้อ,ไม่เคยซื้อ,ไม่เคยซื้อ,ไม่เคยซื้อ,ไม่เคยซื้อ,ไม่เคยซื้อ,ไม่เคยซื้อ,ไม่เคยซื้อ,ไม่เคยซื้อ,ไม่เคยซื้อ,ไม่เคยซื้อ,เคยซื้อ,ไม่เคยซื้อ,ไม่เคยซื้อ,เคยซื้อ,ไม่เคยซื้อ
10/17/2021 17:44:22,ไม่เคยซื้อ,ไม่เคยซื้อ,ไม่เคยซื้อ,ไม่เคยซื้อ,ไม่เคยซื้อ,ไม่เคยซื้อ,ไม่เคย,ไม่เคยซื้อ,เคยซื้อ,ไม่เคย,ไม่เคย,ไม่เคย,ไม่เคยซื้อ,ไม่,ไม่เคยซื้อ,ไม่เคย,ไม่เคย,ไม่เคยซือ,ไม่เคยซื้อ,ไม่เคย,ไม่เคยซื้อ,เคยซื้อ,ไม่เคยซื้อ,เคยซื้อ,ไม่เคยซื้อ,เคยซื้อ,ไม่เคยซื้อ,ไม่เคยซื้อ,ไม่เคยซื้อ,ไม่เคยซื้อ,เคยซื้อ,ไม่เคยซื้อ,เคยซื้อ,เคยซื้อ,ไม่เคยซื้อ,ไม่เคยซื้อ,เคยซื้อ,ไม่เคยซื้อ,ไม่เคยซื้อ,เคยซื้อ,ไม่เคยซื้อ
10/17/2021 17:44:26,ไม่เคยซื้อ,ไม่เคยซื้อ,ไม่เคยซื้อ,ไม่เคยซื้อ,ไม่เคยซื้อ,ไม่เคยซื้อ,ไม่เคย,เคยซื้อ,ไม่เคยซื้อ,ไม่เคย,ไม่เคย,ไม่เคย,เคยซื้อ,ไม่,ไม่เคยซื้อ,ไม่เคย,ไม่เคย,ไม่เคยซือ,ไม่เคยซื้อ,ไม่เคย,ไม่เคยซื้อ,ไม่เคยซื้อ,ไม่เคยซื้อ,ไม่เคยซื้อ,ไม่เคยซื้อ,ไม่เคยซื้อ,ไม่เคยซื้อ,ไม่เคยซื้อ,ไม่เคยซื้อ,เคยซื้อ,เคยซื้อ,ไม่เคยซื้อ,เคยซื้อ,เคยซื้อ,ไม่เคยซื้อ,เคยซื้อ,เคยซื้อ,ไม่เคยซื้อ,ไม่เคยซื้อ,เคยซื้อ,ไม่เคยซื้อ
10/17/2021 17:44:27,ไม่เคยซื้อ,ไม่เคยซื้อ,ไม่เคยซื้อ,ไม่เคยซื้อ,ไม่เคยซื้อ,ไม่เคยซื้อ,ไม่เคย,ไม่เคยซื้อ,ไม่เคยซื้อ,ไม่เคย,ไม่เคย,ไม่เคย,เคยซื้อ,ไม่,ไม่เคยซื้อ,ไม่เคย,ไม่เคย,ไม่เคยซือ,ไม่เคยซื้อ,ไม่เคย,ไม่เคยซื้อ,เคยซื้อ,ไม่เคยซื้อ,เคยซื้อ,ไม่เคยซื้อ,ไม่เคยซื้อ,ไม่เคยซื้อ,ไม่เคยซื้อ,ไม่เคยซื้อ,ไม่เคยซื้อ,ไม่เคยซื้อ,ไม่เคยซื้อ,เคยซื้อ,เคยซื้อ,ไม่เคยซื้อ,ไม่เคยซื้อ,ไม่เคยซื้อ,ไม่เคยซื้อ,ไม่เคยซื้อ,ไม่เคยซื้อ,เคยซื้อ
10/17/2021 17:44:27,ไม่เคยซื้อ,ไม่เคยซื้อ,ไม่เคยซื้อ,ไม่เคยซื้อ,เคยซื้อ,ไม่เคยซื้อ,ไม่เคย,เคยซื้อ,เคยซื้อ,ไม่เคย,ไม่เคย,เคย,เคยซื้อ,ไม่,ไม่เคยซื้อ,ไม่เคย,ไม่เคย,ไม่เคยซือ,เคยซื้อ,ไม่เคย,ไม่เคยซื้อ,ไม่เคยซื้อ,เคยซื้อ,เคยซื้อ,ไม่เคยซื้อ,ไม่เคยซื้อ,ไม่เคยซื้อ,เคยซื้อ,ไม่เคยซื้อ,ไม่เคยซื้อ,เคยซื้อ,ไม่เคยซื้อ,เคยซื้อ,เคยซื้อ,ไม่เคยซื้อ,ไม่เคยซื้อ,เคยซื้อ,เคยซื้อ,ไม่เคยซื้อ,เคยซื้อ,ไม่เคยซื้อ
10/17/2021 17:44:27,ไม่เคยซื้อ,ไม่เคยซื้อ,ไม่เคยซื้อ,ไม่เคยซื้อ,ไม่เคยซื้อ,ไม่เคยซื้อ,ไม่เคย,ไม่เคยซื้อ,เคยซื้อ,เคย,ไม่เคย,เคย,เคยซื้อ,ไม่,ไม่เคยซื้อ,ไม่เคย,ไม่เคย,ไม่เคยซือ,ไม่เคยซื้อ,ไม่เคย,เคยซื้อ,เคยซื้อ,เคยซื้อ,เคยซื้อ,ไม่เคยซื้อ,ไม่เคยซื้อ,ไม่เคยซื้อ,ไม่เคยซื้อ,ไม่เคยซื้อ,ไม่เคยซื้อ,เคยซื้อ,ไม่เคยซื้อ,เคยซื้อ,เคยซื้อ,ไม่เคยซื้อ,ไม่เคยซื้อ,เคยซื้อ,เคยซื้อ,เคยซื้อ,เคยซื้อ,ไม่เคยซื้อ
10/17/2021 17:44:29,ไม่เคยซื้อ,ไม่เคยซื้อ,ไม่เคยซื้อ,ไม่เคยซื้อ,ไม่เคยซื้อ,ไม่เคยซื้อ,ไม่เคย,ไม่เคยซื้อ,เคยซื้อ,เคย,ไม่เคย,เคย,ไม่เคยซื้อ,ไม่,ไม่เคยซื้อ,เคย,ไม่เคย,ไม่เคยซือ,ไม่เคยซื้อ,เคย,ไม่เคยซื้อ,ไม่เคยซื้อ,ไม่เคยซื้อ,ไม่เคยซื้อ,ไม่เคยซื้อ,ไม่เคยซื้อ,ไม่เคยซื้อ,เคยซื้อ,เคยซื้อ,ไม่เคยซื้อ,เคยซื้อ,ไม่เคยซื้อ,เคยซื้อ,เคยซื้อ,เคยซื้อ,ไม่เคยซื้อ,เคยซื้อ,เคยซื้อ,เคยซื้อ,เคยซื้อ,ไม่เคยซื้อ
10/17/2021 17:44:30,เคยซื้อ,ไม่เคยซื้อ,ไม่เคยซื้อ,ไม่เคยซื้อ,ไม่เคยซื้อ,ไม่เคยซื้อ,ไม่เคย,ไม่เคยซื้อ,เคยซื้อ,ไม่เคย,เคย,ไม่เคย,เคยซื้อ,ไม่,เคยซื้อ,ไม่เคย,ไม่เคย,ไม่เคยซือ,ไม่เคยซื้อ,ไม่เคย,ไม่เคยซื้อ,เคยซื้อ,เคยซื้อ,เคยซื้อ,ไม่เคยซื้อ,ไม่เคยซื้อ,ไม่เคยซื้อ,ไม่เคยซื้อ,ไม่เคยซื้อ,ไม่เคยซื้อ,ไม่เคยซื้อ,ไม่เคยซื้อ,ไม่เคยซื้อ,เคยซื้อ,ไม่เคยซื้อ,ไม่เคยซื้อ,เคยซื้อ,เคยซื้อ,ไม่เคยซื้อ,เคยซื้อ,ไม่เคยซื้อ
10/17/2021 17:44:33,ไม่เคยซื้อ,ไม่เคยซื้อ,เคยซื้อ,ไม่เคยซื้อ,ไม่เคยซื้อ,ไม่เคยซื้อ,เคย,ไม่เคยซื้อ,เคยซื้อ,ไม่เคย,ไม่เคย,เคย,เคยซื้อ,เคยซื้อ,ไม่เคยซื้อ,เคย,ไม่เคย,เคยซื้อ,ไม่เคยซื้อ,เคย,ไม่เคยซื้อ,เคยซื้อ,ไม่เคยซื้อ,เคยซื้อ,เคยซื้อ,เคยซื้อ,ไม่เคยซื้อ,ไม่เคยซื้อ,เคยซื้อ,ไม่เคยซื้อ,เคยซื้อ,ไม่เคยซื้อ,ไม่เคยซื้อ,เคยซื้อ,เคยซื้อ,เคยซื้อ,เคยซื้อ,เคยซื้อ,เคยซื้อ,เคยซื้อ,เคยซื้อ
10/17/2021 17:44:35,ไม่เคยซื้อ,ไม่เคยซื้อ,ไม่เคยซื้อ,ไม่เคยซื้อ,เคยซื้อ,ไม่เคยซื้อ,ไม่เคย,ไม่เคยซื้อ,เคยซื้อ,ไม่เคย,ไม่เคย,ไม่เคย,เคยซื้อ,ไม่,ไม่เคยซื้อ,เคย,ไม่เคย,ไม่เคยซือ,ไม่เคยซื้อ,เคย,เคยซื้อ,เคยซื้อ,ไม่เคยซื้อ,ไม่เคยซื้อ,ไม่เคยซื้อ,เคยซื้อ,ไม่เคยซื้อ,ไม่เคยซื้อ,เคยซื้อ,เคยซื้อ,เคยซื้อ,ไม่เคยซื้อ,เคยซื้อ,เคยซื้อ,ไม่เคยซื้อ,ไม่เคยซื้อ,ไม่เคยซื้อ,ไม่เคยซื้อ,ไม่เคยซื้อ,เคยซื้อ,ไม่เคยซื้อ
10/17/2021 17:44:36,ไม่เคยซื้อ,ไม่เคยซื้อ,ไม่เคยซื้อ,ไม่เคยซื้อ,เคยซื้อ,ไม่เคยซื้อ,ไม่เคย,ไม่เคยซื้อ,ไม่เคยซื้อ,เคย,เคย,ไม่เคย,เคยซื้อ,ไม่,ไม่เคยซื้อ,ไม่เคย,ไม่เคย,ไม่เคยซือ,ไม่เคยซื้อ,ไม่เคย,ไม่เคยซื้อ,ไม่เคยซื้อ,ไม่เคยซื้อ,เคยซื้อ,ไม่เคยซื้อ,ไม่เคยซื้อ,ไม่เคยซื้อ,ไม่เคยซื้อ,ไม่เคยซื้อ,ไม่เคยซื้อ,ไม่เคยซื้อ,ไม่เคยซื้อ,เคยซื้อ,เคยซื้อ,ไม่เคยซื้อ,ไม่เคยซื้อ,เคยซื้อ,ไม่เคยซื้อ,เคยซื้อ,เคยซื้อ,ไม่เคยซื้อ
10/17/2021 17:44:37,ไม่เคยซื้อ,ไม่เคยซื้อ,ไม่เคยซื้อ,ไม่เคยซื้อ,ไม่เคยซื้อ,ไม่เคยซื้อ,ไม่เคย,เคยซื้อ,ไม่เคยซื้อ,เคย,ไม่เคย,เคย,เคยซื้อ,ไม่,ไม่เคยซื้อ,ไม่เคย,ไม่เคย,ไม่เคยซือ,ไม่เคยซื้อ,ไม่เคย,ไม่เคยซื้อ,เคยซื้อ,ไม่เคยซื้อ,เคยซื้อ,เคยซื้อ,เคยซื้อ,ไม่เคยซื้อ,ไม่เคยซื้อ,ไม่เคยซื้อ,ไม่เคยซื้อ,เคยซื้อ,ไม่เคยซื้อ,เคยซื้อ,เคยซื้อ,ไม่เคยซื้อ,ไม่เคยซื้อ,เคยซื้อ,เคยซื้อ,เคยซื้อ,เคยซื้อ,ไม่เคยซื้อ
10/17/2021 17:44:46,ไม่เคยซื้อ,เคยซื้อ,ไม่เคยซื้อ,ไม่เคยซื้อ,เคยซื้อ,ไม่เคยซื้อ,ไม่เคย,ไม่เคยซื้อ,เคยซื้อ,ไม่เคย,เคย,เคย,เคยซื้อ,ไม่,ไม่เคยซื้อ,ไม่เคย,ไม่เคย,ไม่เคยซือ,ไม่เคยซื้อ,ไม่เคย,เคยซื้อ,เคยซื้อ,ไม่เคยซื้อ,ไม่เคยซื้อ,เคยซื้อ,ไม่เคยซื้อ,ไม่เคยซื้อ,ไม่เคยซื้อ,เคยซื้อ,ไม่เคยซื้อ,เคยซื้อ,ไม่เคยซื้อ,เคยซื้อ,เคยซื้อ,ไม่เคยซื้อ,เคยซื้อ,เคยซื้อ,เคยซื้อ,เคยซื้อ,เคยซื้อ,เคยซื้อ
10/17/2021 17:44:47,ไม่เคยซื้อ,ไม่เคยซื้อ,ไม่เคยซื้อ,ไม่เคยซื้อ,เคยซื้อ,เคยซื้อ,ไม่เคย,เคยซื้อ,เคยซื้อ,ไม่เคย,ไม่เคย,เคย,เคยซื้อ,ไม่,ไม่เคยซื้อ,ไม่เคย,ไม่เคย,เคยซื้อ,ไม่เคยซื้อ,ไม่เคย,เคยซื้อ,ไม่เคยซื้อ,ไม่เคยซื้อ,ไม่เคยซื้อ,ไม่เคยซื้อ,เคยซื้อ,ไม่เคยซื้อ,ไม่เคยซื้อ,ไม่เคยซื้อ,เคยซื้อ,เคยซื้อ,ไม่เคยซื้อ,ไม่เคยซื้อ,เคยซื้อ,ไม่เคยซื้อ,เคยซื้อ,เคยซื้อ,เคยซื้อ,เคยซื้อ,เคยซื้อ,ไม่เคยซื้อ
10/17/2021 17:44:49,ไม่เคยซื้อ,เคยซื้อ,ไม่เคยซื้อ,ไม่เคยซื้อ,เคยซื้อ,ไม่เคยซื้อ,ไม่เคย,ไม่เคยซื้อ,เคยซื้อ,ไม่เคย,เคย,เคย,ไม่เคยซื้อ,ไม่,ไม่เคยซื้อ,ไม่เคย,ไม่เคย,เคยซื้อ,ไม่เคยซื้อ,ไม่เคย,เคยซื้อ,เคยซื้อ,ไม่เคยซื้อ,ไม่เคยซื้อ,ไม่เคยซื้อ,ไม่เคยซื้อ,ไม่เคยซื้อ,ไม่เคยซื้อ,ไม่เคยซื้อ,ไม่เคยซื้อ,เคยซื้อ,ไม่เคยซื้อ,เคยซื้อ,เคยซื้อ,ไม่เคยซื้อ,เคยซื้อ,เคยซื้อ,เคยซื้อ,ไม่เคยซื้อ,เคยซื้อ,ไม่เคยซื้อ
10/17/2021 17:44:55,ไม่เคยซื้อ,ไม่เคยซื้อ,ไม่เคยซื้อ,เคยซื้อ,ไม่เคยซื้อ,ไม่เคยซื้อ,เคย,เคยซื้อ,เคยซื้อ,เคย,ไม่เคย,เคย,เคยซื้อ,ไม่,ไม่เคยซื้อ,ไม่เคย,ไม่เคย,ไม่เคยซือ,ไม่เคยซื้อ,ไม่เคย,เคยซื้อ,เคยซื้อ,เคยซื้อ,เคยซื้อ,เคยซื้อ,เคยซื้อ,ไม่เคยซื้อ,เคยซื้อ,เคยซื้อ,ไม่เคยซื้อ,เคยซื้อ,ไม่เคยซื้อ,เคยซื้อ,เคยซื้อ,ไม่เคยซื้อ,เคยซื้อ,เคยซื้อ,เคยซื้อ,เคยซื้อ,เคยซื้อ,ไม่เคยซื้อ
10/17/2021 17:44:58,ไม่เคยซื้อ,ไม่เคยซื้อ,ไม่เคยซื้อ,ไม่เคยซื้อ,ไม่เคยซื้อ,ไม่เคยซื้อ,ไม่เคย,ไม่เคยซื้อ,ไม่เคยซื้อ,ไม่เคย,ไม่เคย,ไม่เคย,ไม่เคยซื้อ,ไม่,ไม่เคยซื้อ,ไม่เคย,ไม่เคย,ไม่เคยซือ,ไม่เคยซื้อ,ไม่เคย,ไม่เคยซื้อ,เคยซื้อ,ไม่เคยซื้อ,ไม่เคยซื้อ,ไม่เคยซื้อ,เคยซื้อ,ไม่เคยซื้อ,ไม่เคยซื้อ,ไม่เคยซื้อ,ไม่เคยซื้อ,เคยซื้อ,ไม่เคยซื้อ,ไม่เคยซื้อ,เคยซื้อ,ไม่เคยซื้อ,ไม่เคยซื้อ,เคยซื้อ,เคยซื้อ,เคยซื้อ,เคยซื้อ,ไม่เคยซื้อ
10/17/2021 17:45:00,ไม่เคยซื้อ,ไม่เคยซื้อ,ไม่เคยซื้อ,ไม่เคยซื้อ,ไม่เคยซื้อ,ไม่เคยซื้อ,ไม่เคย,ไม่เคยซื้อ,เคยซื้อ,ไม่เคย,ไม่เคย,ไม่เคย,ไม่เคยซื้อ,ไม่,ไม่เคยซื้อ,ไม่เคย,ไม่เคย,ไม่เคยซือ,ไม่เคยซื้อ,ไม่เคย,ไม่เคยซื้อ,ไม่เคยซื้อ,ไม่เคยซื้อ,ไม่เคยซื้อ,ไม่เคยซื้อ,ไม่เคยซื้อ,ไม่เคยซื้อ,ไม่เคยซื้อ,ไม่เคยซื้อ,ไม่เคยซื้อ,เคยซื้อ,ไม่เคยซื้อ,เคยซื้อ,ไม่เคยซื้อ,ไม่เคยซื้อ,ไม่เคยซื้อ,เคยซื้อ,เคยซื้อ,ไม่เคยซื้อ,ไม่เคยซื้อ,ไม่เคยซื้อ
10/17/2021 17:45:05,ไม่เคยซื้อ,ไม่เคยซื้อ,ไม่เคยซื้อ,ไม่เคยซื้อ,เคยซื้อ,ไม่เคยซื้อ,ไม่เคย,ไม่เคยซื้อ,เคยซื้อ,ไม่เคย,ไม่เคย,เคย,เคยซื้อ,ไม่,ไม่เคยซื้อ,ไม่เคย,ไม่เคย,เคยซื้อ,ไม่เคยซื้อ,ไม่เคย,เคยซื้อ,ไม่เคยซื้อ,ไม่เคยซื้อ,ไม่เคยซื้อ,ไม่เคยซื้อ,ไม่เคยซื้อ,ไม่เคยซื้อ,ไม่เคยซื้อ,ไม่เคยซื้อ,ไม่เคยซื้อ,ไม่เคยซื้อ,ไม่เคยซื้อ,เคยซื้อ,เคยซื้อ,ไม่เคยซื้อ,ไม่เคยซื้อ,เคยซื้อ,เคยซื้อ,ไม่เคยซื้อ,เคยซื้อ,ไม่เคยซื้อ
10/17/2021 17:45:05,ไม่เคยซื้อ,ไม่เคยซื้อ,ไม่เคยซื้อ,ไม่เคยซื้อ,ไม่เคยซื้อ,ไม่เคยซื้อ,ไม่เคย,ไม่เคยซื้อ,ไม่เคยซื้อ,ไม่เคย,ไม่เคย,เคย,เคยซื้อ,ไม่,ไม่เคยซื้อ,ไม่เคย,ไม่เคย,ไม่เคยซือ,ไม่เคยซื้อ,ไม่เคย,ไม่เคยซื้อ,ไม่เคยซื้อ,ไม่เคยซื้อ,ไม่เคยซื้อ,ไม่เคยซื้อ,เคยซื้อ,ไม่เคยซื้อ,ไม่เคยซื้อ,ไม่เคยซื้อ,ไม่เคยซื้อ,เคยซื้อ,ไม่เคยซื้อ,เคยซื้อ,เคยซื้อ,ไม่เคยซื้อ,ไม่เคยซื้อ,เคยซื้อ,ไม่เคยซื้อ,ไม่เคยซื้อ,เคยซื้อ,ไม่เคยซื้อ
10/17/2021 17:45:13,ไม่เคยซื้อ,ไม่เคยซื้อ,ไม่เคยซื้อ,ไม่เคยซื้อ,ไม่เคยซื้อ,ไม่เคยซื้อ,ไม่เคย,ไม่เคยซื้อ,เคยซื้อ,ไม่เคย,ไม่เคย,ไม่เคย,ไม่เคยซื้อ,ไม่,ไม่เคยซื้อ,ไม่เคย,ไม่เคย,ไม่เคยซือ,ไม่เคยซื้อ,ไม่เคย,เคยซื้อ,ไม่เคยซื้อ,ไม่เคยซื้อ,ไม่เคยซื้อ,ไม่เคยซื้อ,ไม่เคยซื้อ,ไม่เคยซื้อ,ไม่เคยซื้อ,ไม่เคยซื้อ,ไม่เคยซื้อ,เคยซื้อ,ไม่เคยซื้อ,เคยซื้อ,เคยซื้อ,เคยซื้อ,ไม่เคยซื้อ,เคยซื้อ,ไม่เคยซื้อ,ไม่เคยซื้อ,เคยซื้อ,ไม่เคยซื้อ
10/17/2021 17:45:13,ไม่เคยซื้อ,ไม่เคยซื้อ,ไม่เคยซื้อ,ไม่เคยซื้อ,ไม่เคยซื้อ,ไม่เคยซื้อ,ไม่เคย,,ไม่เคยซื้อ,ไม่เคย,ไม่เคย,ไม่เคย,เคยซื้อ,ไม่,ไม่เคยซื้อ,ไม่เคย,ไม่เคย,ไม่เคยซือ,เคยซื้อ,ไม่เคย,ไม่เคยซื้อ,ไม่เคยซื้อ,ไม่เคยซื้อ,ไม่เคยซื้อ,ไม่เคยซื้อ,ไม่เคยซื้อ,ไม่เคยซื้อ,เคยซื้อ,ไม่เคยซื้อ,ไม่เคยซื้อ,ไม่เคยซื้อ,ไม่เคยซื้อ,เคยซื้อ,เคยซื้อ,ไม่เคยซื้อ,เคยซื้อ,เคยซื้อ,เคยซื้อ,ไม่เคยซื้อ,เคยซื้อ,ไม่เคยซื้อ
10/17/2021 17:45:27,ไม่เคยซื้อ,ไม่เคยซื้อ,ไม่เคยซื้อ,ไม่เคยซื้อ,ไม่เคยซื้อ,ไม่เคยซื้อ,ไม่เคย,ไม่เคยซื้อ,เคยซื้อ,ไม่เคย,ไม่เคย,ไม่เคย,เคยซื้อ,ไม่,ไม่เคยซื้อ,ไม่เคย,ไม่เคย,ไม่เคยซือ,ไม่เคยซื้อ,ไม่เคย,ไม่เคยซื้อ,ไม่เคยซื้อ,ไม่เคยซื้อ,ไม่เคยซื้อ,ไม่เคยซื้อ,ไม่เคยซื้อ,ไม่เคยซื้อ,ไม่เคยซื้อ,ไม่เคยซื้อ,ไม่เคยซื้อ,ไม่เคยซื้อ,ไม่เคยซื้อ,เคยซื้อ,เคยซื้อ,ไม่เคยซื้อ,ไม่เคยซื้อ,ไม่เคยซื้อ,ไม่เคยซื้อ,เคยซื้อ,เคยซื้อ,ไม่เคยซื้อ
10/17/2021 17:45:39,ไม่เคยซื้อ,ไม่เคยซื้อ,ไม่เคยซื้อ,ไม่เคยซื้อ,เคยซื้อ,ไม่เคยซื้อ,ไม่เคย,เคยซื้อ,เคยซื้อ,ไม่เคย,ไม่เคย,ไม่เคย,เคยซื้อ,ไม่,ไม่เคยซื้อ,ไม่เคย,ไม่เคย,ไม่เคยซือ,ไม่เคยซื้อ,ไม่เคย,ไม่เคยซื้อ,เคยซื้อ,ไม่เคยซื้อ,เคยซื้อ,ไม่เคยซื้อ,เคยซื้อ,ไม่เคยซื้อ,ไม่เคยซื้อ,ไม่เคยซื้อ,ไม่เคยซื้อ,ไม่เคยซื้อ,ไม่เคยซื้อ,ไม่เคยซื้อ,เคยซื้อ,ไม่เคยซื้อ,ไม่เคยซื้อ,ไม่เคยซื้อ,เคยซื้อ,ไม่เคยซื้อ,เคยซื้อ,ไม่เคยซื้อ
10/17/2021 17:45:50,ไม่เคยซื้อ,ไม่เคยซื้อ,ไม่เคยซื้อ,ไม่เคยซื้อ,เคยซื้อ,ไม่เคยซื้อ,ไม่เคย,ไม่เคยซื้อ,เคยซื้อ,ไม่เคย,ไม่เคย,ไม่เคย,ไม่เคยซื้อ,ไม่,ไม่เคยซื้อ,ไม่เคย,ไม่เคย,ไม่เคยซือ,ไม่เคยซื้อ,ไม่เคย,ไม่เคยซื้อ,ไม่เคยซื้อ,ไม่เคยซื้อ,เคยซื้อ,ไม่เคยซื้อ,ไม่เคยซื้อ,ไม่เคยซื้อ,ไม่เคยซื้อ,ไม่เคยซื้อ,ไม่เคยซื้อ,เคยซื้อ,ไม่เคยซื้อ,เคยซื้อ,เคยซื้อ,ไม่เคยซื้อ,ไม่เคยซื้อ,ไม่เคยซื้อ,ไม่เคยซื้อ,เคยซื้อ,เคยซื้อ,ไม่เคยซื้อ
10/17/2021 17:46:06,ไม่เคยซื้อ,เคยซื้อ,ไม่เคยซื้อ,ไม่เคยซื้อ,เคยซื้อ,ไม่เคยซื้อ,ไม่เคย,ไม่เคยซื้อ,เคยซื้อ,ไม่เคย,เคย,เคย,เคยซื้อ,ไม่,ไม่เคยซื้อ,ไม่เคย,ไม่เคย,ไม่เคยซือ,ไม่เคยซื้อ,ไม่เคย,เคยซื้อ,ไม่เคยซื้อ,ไม่เคยซื้อ,ไม่เคยซื้อ,ไม่เคยซื้อ,ไม่เคยซื้อ,ไม่เคยซื้อ,เคยซื้อ,ไม่เคยซื้อ,ไม่เคยซื้อ,เคยซื้อ,ไม่เคยซื้อ,ไม่เคยซื้อ,ไม่เคยซื้อ,ไม่เคยซื้อ,ไม่เคยซื้อ,เคยซื้อ,เคยซื้อ,เคยซื้อ,เคยซื้อ,ไม่เคยซื้อ
10/17/2021 17:46:07,ไม่เคยซื้อ,ไม่เคยซื้อ,ไม่เคยซื้อ,ไม่เคยซื้อ,ไม่เคยซื้อ,ไม่เคยซื้อ,ไม่เคย,เคยซื้อ,เคยซื้อ,ไม่เคย,ไม่เคย,เคย,เคยซื้อ,ไม่,ไม่เคยซื้อ,ไม่เคย,ไม่เคย,ไม่เคยซือ,ไม่เคยซื้อ,ไม่เคย,ไม่เคยซื้อ,ไม่เคยซื้อ,ไม่เคยซื้อ,เคยซื้อ,ไม่เคยซื้อ,ไม่เคยซื้อ,เคยซื้อ,ไม่เคยซื้อ,ไม่เคยซื้อ,ไม่เคยซื้อ,ไม่เคยซื้อ,ไม่เคยซื้อ,เคยซื้อ,ไม่เคยซื้อ,ไม่เคยซื้อ,เคยซื้อ,เคยซื้อ,ไม่เคยซื้อ,เคยซื้อ,เคยซื้อ,ไม่เคยซื้อ
10/17/2021 17:46:17,ไม่เคยซื้อ,ไม่เคยซื้อ,ไม่เคยซื้อ,ไม่เคยซื้อ,เคยซื้อ,ไม่เคยซื้อ,ไม่เคย,ไม่เคยซื้อ,ไม่เคยซื้อ,ไม่เคย,ไม่เคย,เคย,เคยซื้อ,ไม่,ไม่เคยซื้อ,ไม่เคย,เคย,เคยซื้อ,ไม่เคยซื้อ,ไม่เคย,ไม่เคยซื้อ,เคยซื้อ,ไม่เคยซื้อ,เคยซื้อ,ไม่เคยซื้อ,เคยซื้อ,ไม่เคยซื้อ,ไม่เคยซื้อ,ไม่เคยซื้อ,ไม่เคยซื้อ,ไม่เคยซื้อ,ไม่เคยซื้อ,ไม่เคยซื้อ,เคยซื้อ,เคยซื้อ,เคยซื้อ,เคยซื้อ,เคยซื้อ,ไม่เคยซื้อ,เคยซื้อ,ไม่เคยซื้อ
10/17/2021 17:46:29,ไม่เคยซื้อ,ไม่เคยซื้อ,ไม่เคยซื้อ,ไม่เคยซื้อ,ไม่เคยซื้อ,ไม่เคยซื้อ,ไม่เคย,เคยซื้อ,เคยซื้อ,ไม่เคย,ไม่เคย,เคย,เคยซื้อ,ไม่,ไม่เคยซื้อ,เคย,ไม่เคย,ไม่เคยซือ,ไม่เคยซื้อ,เคย,เคยซื้อ,เคยซื้อ,ไม่เคยซื้อ,เคยซื้อ,ไม่เคยซื้อ,ไม่เคยซื้อ,ไม่เคยซื้อ,ไม่เคยซื้อ,ไม่เคยซื้อ,ไม่เคยซื้อ,ไม่เคยซื้อ,ไม่เคยซื้อ,เคยซื้อ,ไม่เคยซื้อ,ไม่เคยซื้อ,ไม่เคยซื้อ,เคยซื้อ,เคยซื้อ,เคยซื้อ,ไม่เคยซื้อ,ไม่เคยซื้อ
10/17/2021 17:46:31,ไม่เคยซื้อ,ไม่เคยซื้อ,ไม่เคยซื้อ,ไม่เคยซื้อ,เคยซื้อ,ไม่เคยซื้อ,ไม่เคย,ไม่เคยซื้อ,เคยซื้อ,ไม่เคย,ไม่เคย,ไม่เคย,เคยซื้อ,ไม่,ไม่เคยซื้อ,ไม่เคย,ไม่เคย,ไม่เคยซือ,ไม่เคยซื้อ,ไม่เคย,ไม่เคยซื้อ,เคยซื้อ,ไม่เคยซื้อ,เคยซื้อ,ไม่เคยซื้อ,ไม่เคยซื้อ,ไม่เคยซื้อ,ไม่เคยซื้อ,ไม่เคยซื้อ,ไม่เคยซื้อ,เคยซื้อ,ไม่เคยซื้อ,ไม่เคยซื้อ,เคยซื้อ,ไม่เคยซื้อ,ไม่เคยซื้อ,เคยซื้อ,ไม่เคยซื้อ,เคยซื้อ,เคยซื้อ,ไม่เคยซื้อ